{
    "calibration_results": {
        "A": {
            "awb": [
                0.9820676479462032,
                1.0,
                3.0530960245196646
            ],
            "ccm": [
                [
                    1.4202927350997925,
                    -0.1350153237581253,
                    -0.285277396440506
                ],
                [
                    -0.29255837202072144,
                    1.4631537199020386,
                    -0.17059539258480072
                ],
                [
                    -0.004959843587130308,
                    -0.8210605382919312,
                    1.826020359992981
                ]
            ],
            "e00": 2.8707971434671733
        },
        "CWF": {
            "awb": [
                1.6910724118114733,
                1.0,
                2.4960777207302702
            ],
            "ccm": [
                [
                    1.8536865711212158,
                    -0.7237290143966675,
                    -0.12995757162570953
                ],
                [
                    -0.2532356083393097,
                    1.3205105066299438,
                    -0.06727495044469833
                ],
                [
                    0.06325584650039673,
                    -0.47624197602272034,
                    1.412986159324646
                ]
            ],
            "e00": 2.6315721536656795
        },
        "D65": {
            "awb": [
                1.848701456459041,
                1.0,
                1.582528205832477
            ],
            "ccm": [
                [
                    1.4904009103775024,
                    -0.22281081974506378,
                    -0.26759013533592224
                ],
                [
                    -0.17160211503505707,
                    1.5031942129135132,
                    -0.3315920829772949
                ],
                [
                    0.011417023837566376,
                    -0.4751829206943512,
                    1.4637658596038818
                ]
            ],
            "e00": 1.8102066417760547
        },
        "HZ": {
            "awb": [
                0.7635736089750357,
                1.0,
                3.9116694594893784
            ],
            "ccm": [
                [
                    1.2580957412719727,
                    0.13505564630031586,
                    -0.3931514620780945
                ],
                [
                    -0.3086680471897125,
                    1.3921253681182861,
                    -0.08345739543437958
                ],
                [
                    -0.06570061296224594,
                    -0.8918104767799377,
                    1.957511067390442
                ]
            ],
            "e00": 3.8358776958964125
        },
        "TL84": {
            "awb": [
                1.4615478193899851,
                1.0,
                2.389428581058022
            ],
            "ccm": [
                [
                    1.477237343788147,
                    -0.2313394993543625,
                    -0.24589787423610687
                ],
                [
                    -0.20755091309547424,
                    1.3549621105194092,
                    -0.14741113781929016
                ],
                [
                    0.04413130134344101,
                    -0.54017174243927,
                    1.4960404634475708
                ]
            ],
            "e00": 2.0265969564243225
        },
        "U30": {
            "awb": [
                1.1612663387867947,
                1.0,
                3.25506381178595
            ],
            "ccm": [
                [
                    1.4683570861816406,
                    -0.26565301418304443,
                    -0.2027040719985962
                ],
                [
                    -0.27633678913116455,
                    1.3848634958267212,
                    -0.10852673649787903
                ],
                [
                    0.08912929147481918,
                    -0.6647592782974243,
                    1.5756299495697021
                ]
            ],
            "e00": 2.59846638641578
        },
        "D75": {
            "awb": [
                1.952460529080701,
                1.0,
                1.4901370563481748
            ],
            "ccm": [
                [
                    1.490190863609314,
                    -0.18380609154701233,
                    -0.30638477206230164
                ],
                [
                    -0.1330648809671402,
                    1.4641045331954956,
                    -0.3310396075248718
                ],
                [
                    0.02719505876302719,
                    -0.46852996945381165,
                    1.4413349628448486
                ]
            ],
            "e00": 2.0972290400519866
        }
    },
    "white_point_regions": [
        [
            0.4,
            0.5,
            0.62,
            0.8
        ],
        [
            0.5,
            0.6,
            0.53,
            0.7
        ],
        [
            0.6,
            0.7,
            0.44,
            0.6
        ],
        [
            0.7,
            0.8,
            0.37,
            0.52
        ],
        [
            0.8,
            0.9,
            0.34,
            0.45
        ],
        [
            0.9,
            1.0,
            0.31,
            0.4
        ],
        [
            1.0,
            1.1,
            0.27,
            0.35
        ],
        [
            1.1,
            1.2,
            0.26,
            0.32
        ],
        [
            1.2,
            1.3,
            0.23,
            0.3
        ],
        [
            1.3,
            1.4,
            0.2,
            0.28
        ]
    ],
    "ccm_fit_params": [
        [
            -0.8848465734048677,
            -1.0670178490798172,
            2.650707248120389
        ],
        [
            1.3605489443852565,
            1.7646661737841782,
            -2.0643467456560423
        ],
        [
            -0.47570245054994964,
            -0.6976484226368956,
            0.41363958111413357
        ],
        [
            -0.035302052359608455,
            0.3412768934841821,
            -0.35376188429112193
        ],
        [
            0.23712177730763212,
            0.5845695750713849,
            0.9733617906684061
        ],
        [
            -0.20181978187962415,
            -0.9258463233472162,
            0.3804000642985438
        ],
        [
            -0.26721208682199327,
            -0.3515277739968663,
            0.3854051506528982
        ],
        [
            -0.6219225092760778,
            -0.06906642450156676,
            -0.09973364318738923
        ],
        [
            0.8891345315473848,
            0.42059419594881353,
            0.7143285424507899
        ]
    ]
}