{
    "calibration_results": {
        "A": {
            "awb": [
                0.9846581651510561,
                1.0,
                3.086611849114045
            ],
            "ccm": [
                [
                    1.404043436050415,
                    -0.09072921425104141,
                    -0.31331419944763184
                ],
                [
                    -0.30168694257736206,
                    1.4766076803207397,
                    -0.17492076754570007
                ],
                [
                    0.015083164907991886,
                    -0.7817410826683044,
                    1.7666579484939575
                ]
            ],
            "e00": 3.061991020219263
        },
        "CWF": {
            "awb": [
                1.7086776148599414,
                1.0,
                2.5333144511406767
            ],
            "ccm": [
                [
                    1.8425397872924805,
                    -0.6765773296356201,
                    -0.16596253216266632
                ],
                [
                    -0.2539230287075043,
                    1.3247066736221313,
                    -0.07078360766172409
                ],
                [
                    0.06874044239521027,
                    -0.4537182152271271,
                    1.3849778175354004
                ]
            ],
            "e00": 2.90219491633923
        },
        "D65": {
            "awb": [
                1.8576814427591426,
                1.0,
                1.6048437549893648
            ],
            "ccm": [
                [
                    1.464224934577942,
                    -0.18809384107589722,
                    -0.27613112330436707
                ],
                [
                    -0.16542163491249084,
                    1.4930408000946045,
                    -0.32761913537979126
                ],
                [
                    0.016322419047355652,
                    -0.4692753851413727,
                    1.4529529809951782
                ]
            ],
            "e00": 1.8790822572925296
        },
        "HZ": {
            "awb": [
                0.7672385593092611,
                1.0,
                3.992931563706032
            ],
            "ccm": [
                [
                    1.2578433752059937,
                    0.09348110109567642,
                    -0.3513244390487671
                ],
                [
                    -0.3094483017921448,
                    1.3512285947799683,
                    -0.041780341416597366
                ],
                [
                    -0.0053531755693256855,
                    -0.8436896204948425,
                    1.8490427732467651
                ]
            ],
            "e00": 4.2967576227814
        },
        "TL84": {
            "awb": [
                1.4719612976821772,
                1.0,
                2.4200740318811538
            ],
            "ccm": [
                [
                    1.4610743522644043,
                    -0.2826237380504608,
                    -0.17845067381858826
                ],
                [
                    -0.21424958109855652,
                    1.3505432605743408,
                    -0.13629361987113953
                ],
                [
                    0.059160467237234116,
                    -0.5205312967300415,
                    1.461370825767517
                ]
            ],
            "e00": 2.3522064994822762
        },
        "U30": {
            "awb": [
                1.1586273159919902,
                1.0,
                3.2945471765784804
            ],
            "ccm": [
                [
                    1.4653043746948242,
                    -0.19921109080314636,
                    -0.26609331369400024
                ],
                [
                    -0.2613648474216461,
                    1.3491981029510498,
                    -0.0878332108259201
                ],
                [
                    0.11224798113107681,
                    -0.623672604560852,
                    1.5114246606826782
                ]
            ],
            "e00": 3.284757870444343
        },
        "D75": {
            "awb": [
                1.9612127197456204,
                1.0,
                1.4971560449017436
            ],
            "ccm": [
                [
                    1.4901422262191772,
                    -0.2173701375722885,
                    -0.2727721035480499
                ],
                [
                    -0.13648758828639984,
                    1.4692578315734863,
                    -0.3327702283859253
                ],
                [
                    0.04403597488999367,
                    -0.49877268075942993,
                    1.4547367095947266
                ]
            ],
            "e00": 2.5927856467459036
        }
    },
    "white_point_regions": [
        [
            0.4,
            0.5,
            0.43,
            0.8
        ],
        [
            0.5,
            0.6,
            0.35,
            0.7
        ],
        [
            0.6,
            0.7,
            0.3,
            0.6
        ],
        [
            0.7,
            0.8,
            0.25,
            0.52
        ],
        [
            0.8,
            0.9,
            0.2,
            0.45
        ],
        [
            0.9,
            1.0,
            0.2,
            0.4
        ],
        [
            1.0,
            1.1,
            0.2,
            0.35
        ],
        [
            1.1,
            1.2,
            0.2,
            0.32
        ],
        [
            1.2,
            1.3,
            0.2,
            0.3
        ],
        [
            1.3,
            1.4,
            0.2,
            0.28
        ]
    ],
    "ccm_fit_params": [
        [
            -0.8772606370469466,
            -1.0754435134081697,
            2.629590683700606
        ],
        [
            1.2453525683753173,
            1.549225618786261,
            -1.8594463304270161
        ],
        [
            -0.3680917102582186,
            -0.4737818497913504,
            0.22985534320795925
        ],
        [
            -0.04393531096665574,
            0.3282681623316724,
            -0.3397717268169632
        ],
        [
            0.20231916964374516,
            0.5940837237421634,
            0.9906157597619898
        ],
        [
            -0.15838405523733778,
            -0.9223520918336622,
            0.3491562242893045
        ],
        [
            -0.18594363455135102,
            -0.2987812506820553,
            0.3173468098142601
        ],
        [
            -0.6208804994504584,
            -0.2258506282382512,
            -0.015343808759776256
        ],
        [
            0.8068240346929413,
            0.5246317229532059,
            0.6979971581980877
        ]
    ]
}